,#BioGRID Interaction ID,Entrez Gene Interactor A,Entrez Gene Interactor B,BioGRID ID Interactor A,BioGRID ID Interactor B,Systematic Name Interactor A,Systematic Name Interactor B,Official Symbol Interactor A,Official Symbol Interactor B,Synonyms Interactor A,Synonyms Interactor B,Experimental System,Experimental System Type,Author,Pubmed ID,Organism Interactor A,Organism Interactor B,Throughput,Score,Modification,Phenotypes,Qualifications,Tags,Source Database
323912,468793,3005,7494,109260,113331,-,-,H1F0,XBP1,H10|H1FV,TREB5|XBP-1|XBP2,Two-hybrid,physical,Ravasi T (2010),20211142,9606,9606,High Throughput,-,-,-,-,-,BIOGRID
587490,835360,8971,3575,114461,109789,-,-,H1FX,IL7R,H1.10|H1X,CD127|CDW127|IL-7R-alpha|IL7RA|ILRA,Protein-RNA,physical,Evsyukova I (2013),23151878,9606,9606,Low Throughput,-,-,-,proteins identified by tobramycin RNA affinity chromatography with an IL7R mRNA spanning the first 40 nt of exon 6,-,BIOGRID
502841,738785,94239,351,125150,106848,-,-,H2AFV,APP,H2A.Z-2|H2AV,AAA|ABETA|ABPP|AD1|APPI|CTFgamma|CVAP|PN-II|PN2,Reconstituted Complex,physical,Olah J (2011),21832049,9606,9606,High Throughput,-,-,-,-,-,BIOGRID
123874,243917,3014,672,109268,107140,-,-,H2AFX,BRCA1,H2A.X|H2A/X|H2AX,BRCAI|BRCC1|BROVCA1|FANCS|IRIS|PNCA4|PPP1R53|PSCP|RNF53,Co-localization,physical,Paull TT (2000),10959836,9606,9606,Low Throughput,-,-,-,BRCA1 also colocalized with gamma-H2AX and was recruited to these sites before Rad50 or Rad50,-,BIOGRID
200005,337965,9555,7520,114927,113353,-,-,H2AFY,XRCC5,H2A.y|H2A/y|H2AF12M|H2AFJ|MACROH2A1.1|mH2A1|macroH2A1.2,KARP-1|KARP1|KU80|KUB2|Ku86|NFIV,Affinity Capture-MS,physical,Ouararhni K (2006),17158748,9606,9606,Low Throughput,-,-,-,-,-,BIOGRID
619061,892254,55506,11059,120686,116243,RP11-367H5.3,-,H2AFY2,WWP1,macroH2A2,AIP5|Tiul1|hSDRP1,Two-hybrid,physical,Wang J (2011),21988832,9606,9606,High Throughput,-,-,-,-,-,BIOGRID
136626,259661,3015,3619,109269,109831,-,-,H2AFZ,INCENP,H2A.Z-1|H2A.z|H2A/z|H2AZ,-,Two-hybrid,physical,Rangasamy D (2003),12660166,9606,9606,Low Throughput,-,-,-,-,-,BIOGRID
146490,271838,326601,819210,160074,4545,BOS_15646,AT2G46020,H3F3A,BRM,-,ARABIDOPSIS THALIANA BRAHMA|ATBRM|BRAHMA|CHA2|CHR2|CHROMATIN REMODELING 2|T3F17.33,Far Western,physical,Farrona S (2007),17825834,9913,3702,Low Throughput,-,-,-,-,-,BIOGRID
38969,119936,3021,10919,109273,116123,-,DAAP-66K18.3,H3F3B,EHMT2,H3.3B,BAT8|C6orf30|G9A|GAT8|KMT1C|NG36,Two-hybrid,physical,Rual JF (2005),16189514,9606,9606,High Throughput,-,-,-,-,-,BIOGRID
640468,918755,440093,23028,136289,116667,-,RP1-184J9.1,H3F3C,KDM1A,H3.5,AOF2|BHC110|KDM1|LSD1,Two-hybrid,physical,Weimann M (2013),23455924,9606,9606,High Throughput,-,-,-,Hit identified by mass spec,-,BIOGRID
323491,468348,3024,140690,109275,126653,-,-,HIST1H1A,CTCFL,H1.1|H1A|H1F1|HIST1,BORIS|CT27|CTCF-T|HMGB1L1|dJ579F20.2,Far Western,physical,Jelinic P (2006),17048991,9606,9606,Low Throughput,-,-,-,-,-,BIOGRID
463790,676714,3009,50943,109264,119170,-,JM2,HIST1H1B,FOXP3,H1|H1.5|H1B|H1F5|H1s-3,AIID|DIETER|IPEX|PIDX|XPID,Affinity Capture-Western,physical,Mackey-Cushman SL (2011),21654845,9606,9606,Low Throughput,-,-,-,figure 1b.|figure 2c.,-,BIOGRID
329289,480481,3006,23512,109261,117059,-,-,HIST1H1C,SUZ12,H1.2|H1C|H1F2|H1s-1,CHET9|JJAZ1,Reconstituted Complex,physical,Martin C (2006),16431907,9606,9606,Low Throughput,-,-,-,-,-,BIOGRID
495817,727362,3008,23468,109263,117030,-,-,HIST1H1E,CBX5,H1.4|H1E|H1F4|H1s-4|dJ221C16.5,HEL25|HP1|HP1A,Affinity Capture-Western,physical,Daujat S (2005),16127177,9606,9606,Low Throughput,-,-,-,-,-,BIOGRID
509740,746250,221613,255626,128742,129111,-,-,HIST1H2AA,HIST1H2BA,H2AA|H2AFR|bA317E16.2,H2BFU|STBP|TSH2B|TSH2B.1|bA317E16.3,Co-fractionation,physical,Havugimana PC (2012),22939629,9606,9606,High Throughput,0.863,-,-,Denoised score >= 0.75,-,BIOGRID
344225,511520,8335,2074,113931,108386,-,-,HIST1H2AB,ERCC6,H2A/m|H2AFM,ARMD5|CKN2|COFS|COFS1|CSB|RAD26|UVSS1,Affinity Capture-Western,physical,Citterio E (2000),11003660,9606,9606,Low Throughput,-,-,-,-,-,BIOGRID
510575,747085,3013,6191,109267,112105,-,-,HIST1H2AD,RPS4X,H2A.3|H2A/g|H2AFG,CCG2|DXS306|RPS4|S4|SCAR|SCR10,Co-fractionation,physical,Havugimana PC (2012),22939629,9606,9606,High Throughput,0.948,-,-,Denoised score >= 0.75,-,BIOGRID
644286,922856,8969,4552,114459,110645,-,-,HIST1H2AG,MTRR,H2A.1b|H2A/p|H2AFP|H2AG|pH2A/f,MSR|cblE,Co-fractionation,physical,Kristensen AR (2012),22863883,9606,9606,High Throughput,-,-,-,-,-,BIOGRID
682684,1043584,8330,10513,113926,115769,-,-,HIST1H2AK,APPBP2,H2A/d|H2AFD,APP-BP2|HS.84084|PAT1,Two-hybrid,physical,Rolland T (2014),25416956,9606,9606,High Throughput,-,-,-,-,-,BIOGRID
380039,555316,255626,142,129111,106652,-,RP11-125A15.2,HIST1H2BA,PARP1,H2BFU|STBP|TSH2B|TSH2B.1|bA317E16.3,ADPRT|ADPRT 1|ADPRT1|ARTD1|PARP|PARP-1|PPOL|pADPRT-1,Reconstituted Complex,physical,Messner S (2010),20525793,9606,9606,Low Throughput,-,-,-,-,-,BIOGRID
344226,511521,3018,2074,109271,108386,-,-,HIST1H2BB,ERCC6,H2B.1|H2B/f|H2BFF,ARMD5|CKN2|COFS|COFS1|CSB|RAD26|UVSS1,Affinity Capture-Western,physical,Citterio E (2000),11003660,9606,9606,Low Throughput,-,-,-,-,-,BIOGRID
925684,1427380,8339,22974,113935,116624,-,RP11-243J16.10-002,HIST1H2BG,TPX2,H2B.1A|H2B/a|H2BFA|dJ221C16.8,C20orf1|C20orf2|DIL-2|DIL2|FLS353|GD:C20orf1|HCA519|HCTP4|REPP86|p100,Proximity Label-MS,physical,Lambert JP (2015),25281560,9606,9606,High Throughput,-,-,-,BioID,-,BIOGRID
324282,469163,8970,30012,114460,119030,-,-,HIST1H2BJ,TLX3,H2B/r|H2BFR|H2BJ,HOX11L2|RNX,Two-hybrid,physical,Ravasi T (2010),20211142,9606,9606,High Throughput,-,-,-,-,-,BIOGRID
139572,262888,85236,7290,124439,113141,-,-,HIST1H2BK,HIRA,H2B/S|H2BFAiii|H2BFT|H2BK,DGCR1|TUP1|TUPLE1,Reconstituted Complex,physical,Lorain S (1998),9710638,9606,9606,Low Throughput,-,-,-,-,-,BIOGRID
501970,737914,8342,351,113938,106848,-,-,HIST1H2BM,APP,H2B/e|H2BFE|dJ160A22.3,AAA|ABETA|ABPP|AD1|APPI|CTFgamma|CVAP|PN-II|PN2,Reconstituted Complex,physical,Olah J (2011),21832049,9606,9606,High Throughput,-,-,-,-,-,BIOGRID
38985,119952,8341,56647,113937,121161,RP1-193B12.10-001,-,HIST1H2BN,BCCIP,H2B/d|H2BFD,TOK-1|TOK1,Two-hybrid,physical,Rual JF (2005),16189514,9606,9606,High Throughput,-,-,-,-,-,BIOGRID
642981,921551,8348,2664,113944,108932,-,XX-FW81657B9.1,HIST1H2BO,GDI1,H2B.2|H2B/n|H2BFN|dJ193B12.2,1A|GDIL|MRX41|MRX48|OPHN2|RABGD1A|RABGDIA|XAP-4,Co-fractionation,physical,Kristensen AR (2012),22863883,9606,9606,High Throughput,-,-,-,-,-,BIOGRID
288187,429331,8350,23133,113946,116751,-,RP13-444K19.2,HIST1H3A,PHF8,H3/A|H3FA,JHDM1F|MRXSSD|ZNF422,Reconstituted Complex,physical,Feng W (2010),20208542,9606,9606,Low Throughput,-,-,-,-,-,BIOGRID
304591,448197,8358,200186,113954,128308,-,RP11-422P24.6,HIST1H3B,CRTC2,H3/l|H3FL,TORC-2|TORC2,Affinity Capture-Western,physical,Kim SJ (2009),19279000,9606,9606,Low Throughput,-,-,-,-,-,BIOGRID
129834,251005,8352,1058,113948,107487,-,-,HIST1H3C,CENPA,H3.1|H3/c|H3FC,CENP-A|CenH3,Reconstituted Complex,physical,Black BE (2004),15282608,9606,9606,Low Throughput,-,-,-,-,-,BIOGRID
288149,429290,8353,1788,113949,108125,RP1-34B20.8,-,HIST1H3E,DNMT3A,H3.1|H3/d|H3FD,DNMT3A2|M.HsaIIIA|TBRS,Reconstituted Complex,physical,Zhang Y (2010),20223770,9606,9606,Low Throughput,-,-,-,-,-,BIOGRID
320876,465295,8359,5931,113955,111866,-,RP11-716A19.5,HIST1H4A,RBBP7,H4FA,RbAp46,Affinity Capture-MS,physical,Saade E (2009),19862764,9606,9606,Low Throughput,-,-,-,-,-,BIOGRID
380041,555318,8364,142,113960,106652,-,RP11-125A15.2,HIST1H4C,PARP1,H4/g|H4FG|dJ221C16.1,ADPRT|ADPRT 1|ADPRT1|ARTD1|PARP|PARP-1|PPOL|pADPRT-1,Reconstituted Complex,physical,Messner S (2010),20525793,9606,9606,Low Throughput,-,-,-,-,-,BIOGRID
462810,675634,8361,10036,113957,115349,-,-,HIST1H4F,CHAF1A,H4|H4/c|H4FC,CAF-1|CAF1|CAF1B|CAF1P150|P150,Affinity Capture-Western,physical,Kang B (2011),21724829,9606,9606,Low Throughput,-,-,-,figure 3A.,-,BIOGRID
682688,1043588,8369,57085,113965,121356,-,RP11-56N19.3,HIST1H4G,AGTRAP,H4/l|H4FL,ATRAP,Two-hybrid,physical,Rolland T (2014),25416956,9606,9606,High Throughput,-,-,-,-,-,BIOGRID
464166,677121,8294,2186,113899,108481,-,-,HIST1H4I,BPTF,H4/m|H4FM|H4M,FAC1|FALZ|NURF301,Reconstituted Complex,physical,Ruthenburg AJ (2011),21596426,9606,9606,Low Throughput,-,-,-,figure 1C.,-,BIOGRID
682687,1043587,8368,25842,113964,117368,-,RP3-329L24.1,HIST1H4L,ASF1A,H4.k|H4/k|H4FK,CGI-98|CIA|HSPC146,Two-hybrid,physical,Rolland T (2014),25416956,9606,9606,High Throughput,-,-,-,-,-,BIOGRID
380038,555315,8337,142,113933,106652,-,RP11-125A15.2,HIST2H2AA3,PARP1,H2A|H2A.2|H2A/O|H2A/q|H2AFO|H2a-615|HIST2H2AA,ADPRT|ADPRT 1|ADPRT1|ARTD1|PARP|PARP-1|PPOL|pADPRT-1,Reconstituted Complex,physical,Messner S (2010),20525793,9606,9606,Low Throughput,-,-,-,-,-,BIOGRID
502702,738646,317772,351,130469,106848,-,-,HIST2H2AB,APP,H2AB,AAA|ABETA|ABPP|AD1|APPI|CTFgamma|CVAP|PN-II|PN2,Reconstituted Complex,physical,Olah J (2011),21832049,9606,9606,High Throughput,-,-,-,-,-,BIOGRID
323492,468349,8338,140690,113934,126653,-,-,HIST2H2AC,CTCFL,H2A|H2A-GL101|H2A/q|H2AFQ,BORIS|CT27|CTCF-T|HMGB1L1|dJ579F20.2,Far Western,physical,Jelinic P (2006),17048991,9606,9606,Low Throughput,-,-,-,-,-,BIOGRID
326017,470960,8349,4193,113945,110358,-,-,HIST2H2BE,MDM2,GL105|H2B|H2B.1|H2BFQ|H2BGL105|H2BQ,ACTFS|HDMX|hdm2,Affinity Capture-Western,physical,Minsky N (2004),15546622,9606,9606,Low Throughput,-,-,-,-,-,BIOGRID
376474,545319,126961,7994,126025,113703,-,-,HIST2H3C,KAT6A,H3|H3.2|H3/M|H3F2|H3FM|H3FN,MOZ|MYST3|RUNXBP2|ZC2HC6A|ZNF220,Reconstituted Complex,physical,Paggetti J (2010),20581860,9606,9606,Low Throughput,-,-,-,-,-,BIOGRID
390623,569505,8370,8338,113966,113934,-,-,HIST2H4A,HIST2H2AC,FO108|H4|H4/n|H4F2|H4FN|HIST2H4,H2A|H2A-GL101|H2A/q|H2AFQ,Reconstituted Complex,physical,Hoffmann A (1996),8598932,9606,9606,Low Throughput,-,-,-,-,-,BIOGRID
455902,667266,92815,8290,124981,113895,-,-,HIST3H2A,HIST3H3,-,H3.4|H3/g|H3FT|H3t,Affinity Capture-Luminescence,physical,Pichler G (2012),22606318,9606,9606,Low Throughput,-,-,-,figure 5.,-,BIOGRID
462316,675112,128312,3065,126106,109315,-,RP4-811H24.2,HIST3H2BB,HDAC1,H2Bb,GON-10|HD1|RPD3|RPD3L1,Affinity Capture-MS,physical,Choi J (2011),21846774,9606,9606,Low Throughput,-,-,-,-,-,BIOGRID
183102,317854,8290,9015,113895,114484,-,RP11-378J18.2,HIST3H3,TAF1A,H3.4|H3/g|H3FT|H3t,MGC:17061|RAFI48|SL1|TAFI48,Reconstituted Complex,physical,Seo SB (2001),11163245,9606,9606,Low Throughput,-,-,-,-,-,BIOGRID
183099,317851,121504,9015,125732,114484,-,RP11-378J18.2,HIST4H4,TAF1A,H4/p,MGC:17061|RAFI48|SL1|TAFI48,Reconstituted Complex,physical,Seo SB (2001),11163245,9606,9606,Low Throughput,-,-,-,-,-,BIOGRID
39572,120554,86,2130,106601,108431,-,AC002059.7,ACTL6A,EWSR1,ACTL6|ARPN-BETA|Arp4|BAF53A|INO80K,EWS|bK984G1.4,Two-hybrid,physical,Rual JF (2005),16189514,9606,9606,High Throughput,-,-,-,-,-,BIOGRID
182809,317495,51412,1487,119529,107869,-,-,ACTL6B,CTBP1,ACTL6|BAF53B,BARS,Phenotypic Enhancement,genetic,Oma Y (2003),12565893,9606,9606,Low Throughput,-,-,-,-,-,BIOGRID
385601,563260,79913,283899,122993,129701,-,-,ACTR5,INO80E,Arp5|INO80M,CCDC95,Affinity Capture-MS,physical,Cai Y (2007),17721549,9606,9606,Low Throughput,-,-,-,-,-,BIOGRID
385615,563274,93973,283899,125062,129701,-,-,ACTR8,INO80E,ARP8|INO80N|hArp8,CCDC95,Affinity Capture-MS,physical,Cai Y (2007),17721549,9606,9606,Low Throughput,-,-,-,-,-,BIOGRID
323191,468012,8289,55193,113894,120490,RP1-50O24.1,-,ARID1A,PBRM1,B120|BAF250|BAF250a|BM029|C1orf4|ELD|MRD14|OSA1|P270|SMARCF1|hELD|hOSA1,BAF180|PB1,Affinity Capture-Western,physical,Ryme J (2009),19650111,9606,9606,Low Throughput,-,-,-,-,-,BIOGRID
905,30372,57492,6597,121559,112481,RP11-419L10.1,-,ARID1B,SMARCA4,6A3-5|BAF250B|BRIGHT|DAN15|ELD/OSA1|MRD12|OSA2|P250R,BAF190|BAF190A|BRG1|MRD16|RTPS2|SNF2|SNF2L4|SNF2LB|SWI2|hSNF2b,Two-hybrid,physical,Hurlstone AF (2002),11988099,9606,9606,Low Throughput,-,-,-,-,-,BIOGRID
351835,520049,55870,8350,120969,113946,-,-,ASH1L,HIST1H3A,ASH1|ASH1L1|KMT2H,H3/A|H3FA,Biochemical Activity,physical,Gregory GD (2007),17923682,9606,9606,Low Throughput,-,Methylation,-,-,-,BIOGRID
140399,263855,10498,8106,115760,113777,-,-,CARM1,PABPN1,PRMT4,OPMD|PAB2|PABII|PABP-2|PABP2,Biochemical Activity,physical,Lee J (2002),11850402,9606,9606,Low Throughput,-,Methylation,-,-,-,BIOGRID
132619,255325,9425,3065,114818,109315,-,RP4-811H24.2,CDYL,HDAC1,CDYL1,GON-10|HD1|RPD3|RPD3L1,Affinity Capture-Western,physical,Caron C (2003),12947414,9606,9606,Low Throughput,-,-,-,-,-,BIOGRID
138975,262249,1107,26135,107532,117571,-,CGI-55,CHD3,SERBP1,Mi-2a|Mi2-ALPHA|ZFH,CHD3IP|HABP4L|PAI-RBP1|PAIRBP1,Reconstituted Complex,physical,Lemos TA (2003),12505151,9606,9606,Low Throughput,-,-,-,-,-,BIOGRID
138368,261590,1108,545,107533,107027,-,-,CHD4,ATR,CHD-4|Mi-2b|Mi2-BETA,FCTCS|FRP1|MEC1|SCKL|SCKL1,Affinity Capture-Western,physical,Schmidt DR (1999),10545197,9606,9606,Low Throughput,-,-,-,-,-,BIOGRID
350227,518240,54108,11177,119904,116347,-,HSPC317,CHRAC1,BAZ1A,CHARC1|CHARC15|CHRAC-1|CHRAC-15|CHRAC15|YCL1,ACF1|WALp1|WCRF180|hACF1,Reconstituted Complex,physical,Kukimoto I (2004),14759371,9606,9606,Low Throughput,-,-,-,-,-,BIOGRID
75,5271,1387,1958,107777,108278,-,-,CREBBP,EGR1,CBP|KAT3A|RSTS,AT225|G0S30|KROX-24|NGFI-A|TIS8|ZIF-268|ZNF225,Two-hybrid,physical,Silverman ES (1998),9806899,9606,9606,Low Throughput,-,-,-,-,-,BIOGRID
133384,256163,1786,1789,108123,108126,-,RP5-1085F17.2,DNMT1,DNMT3B,ADCADN|AIM|CXXC9|DNMT|HSN1E|MCMT,ICF|ICF1|M.HsaIIIB,Affinity Capture-Western,physical,Lehnertz B (2003),12867029,9606,9606,Low Throughput,-,-,-,-,-,BIOGRID
651,25288,1788,7329,108125,113177,-,LA16c-358B7.1,DNMT3A,UBE2I,DNMT3A2|M.HsaIIIA|TBRS,C358B7.1|P18|UBC9,Two-hybrid,physical,Ling Y (2004),14752048,9606,9606,Low Throughput,-,-,-,-,-,BIOGRID
130364,251571,1789,10051,108126,115362,RP5-1085F17.2,-,DNMT3B,SMC4,ICF|ICF1|M.HsaIIIB,CAP-C|CAPC|SMC-4|SMC4L1|hCAP-C,Co-purification,physical,Geiman TM (2004),15148359,9606,9606,Low Throughput,-,-,-,-,-,BIOGRID
199157,337100,84444,4300,124082,110446,-,-,DOT1L,MLLT3,DOT1|KMT4,AF9|YEATS3,Two-hybrid,physical,Zhang W (2006),16636056,9606,9606,Low Throughput,-,-,-,-,-,BIOGRID
324414,469295,79813,89870,122908,124626,RP11-188C12.1,DAAP-200B17.1,EHMT1,TRIM15,EUHMTASE1|Eu-HMTase1|FP13812|GLP|GLP1|KMT1D|bA188C12.1,RNF93|ZNF178|ZNFB7,Two-hybrid,physical,Ravasi T (2010),20211142,9606,9606,High Throughput,-,-,-,-,-,BIOGRID
39073,120043,10919,84726,116123,124226,DAAP-66K18.3,RP11-334J6.1,EHMT2,PRRC2B,BAT8|C6orf30|G9A|GAT8|KMT1C|NG36,BAT2L|BAT2L1|KIAA0515|LQFBS-1,Two-hybrid,physical,Rual JF (2005),16189514,9606,9606,High Throughput,-,-,-,-,-,BIOGRID
41744,134056,856019,851100,36095,31643,YPL086C,YLR384C,ELP3,IKI3,HPA1|KTI8|TOT3|Elongator subunit ELP3|KAT9|L000004378,ELP1|KTI7|TOT1|Elongator subunit IKI3|L000003563,Affinity Capture-MS,physical,Krogan NJ (2001),11689709,559292,559292,Low Throughput,-,-,-,-,-,BIOGRID
12,1161,2033,7020,108347,112878,RP1-85F18.1,RP1-290I10.1,EP300,TFAP2A,KAT3B|RSTS2|p300,AP-2|AP-2alpha|AP2TF|BOFS|TFAP2,Two-hybrid,physical,Braganca J (2003),12586840,9606,9606,Low Throughput,-,-,-,-,-,BIOGRID
323059,467876,2145,2145,108445,108445,-,-,EZH1,EZH1,KMT6B,KMT6B,Affinity Capture-Western,physical,Margueron R (2008),19026781,9606,9606,Low Throughput,-,-,-,-,-,BIOGRID
561,22627,2146,8726,108446,114265,-,-,EZH2,EED,ENX-1|ENX1|EZH1|EZH2b|KMT6|KMT6A|WVS|WVS2,HEED|WAIT1,Two-hybrid,physical,van Lohuizen M (1998),9584197,9606,9606,Low Throughput,-,-,-,-,-,BIOGRID
661183,950405,26267,8454,117651,114032,hCG_2011110,-,FBXO10,CUL1,FBX10|PRMT11,-,Affinity Capture-Western,physical,Jeong YT (2013),23319600,9606,9606,Low Throughput,-,-,-,-,-,BIOGRID
138315,261534,9329,2975,114738,109230,-,-,GTF3C4,GTF3C1,KAT12|TFIII90|TFIIIC290|TFIIIC90|TFIIICDELTA,TFIIIC|TFIIIC220|TFIIICalpha,Affinity Capture-Western,physical,Hsieh YJ (1999),10523658,9606,9606,Low Throughput,-,-,-,-,-,BIOGRID
124014,244093,3065,23028,109315,116667,RP4-811H24.2,RP1-184J9.1,HDAC1,KDM1A,GON-10|HD1|RPD3|RPD3L1,AOF2|BHC110|KDM1|LSD1,Co-purification,physical,Hakimi MA (2002),12032298,9606,9606,Low Throughput,-,-,-,core-BRAF35 complex termed BHC for BRAF-HDAC complex,-,BIOGRID
137670,260822,83933,8841,123818,114368,RP3-402G11.7,-,HDAC10,HDAC3,HD10,HD3|RPD3|RPD3-2,Affinity Capture-Western,physical,Tong JJ (2002),11861901,9606,9606,Low Throughput,-,-,-,-,-,BIOGRID
137390,260521,79885,10013,122970,115330,-,JM21,HDAC11,HDAC6,HD11,CPBHM|HD6|PPP1R90,Affinity Capture-Western,physical,Gao L (2002),11948178,9606,9606,Low Throughput,-,-,-,-,-,BIOGRID
124024,244103,3066,23028,109316,116667,-,RP1-184J9.1,HDAC2,KDM1A,HD2|RPD3|YAF1,AOF2|BHC110|KDM1|LSD1,Co-purification,physical,Hakimi MA (2002),12032298,9606,9606,Low Throughput,-,-,-,core-BRAF35 complex termed BHC for BRAF-HDAC complex;Chromatin-immunoprecipitation experiments demonstrate the recruitment of BHC by the neuronal repressor REST,-,BIOGRID
123511,243476,8841,23451,114368,117017,-,-,HDAC3,SF3B1,HD3|RPD3|RPD3-2,Hsh155|MDS|PRP10|PRPF10|SAP155|SF3b155,Affinity Capture-MS,physical,Ewing RM (2007),17353931,9606,9606,High Throughput,-,-,-,Exogenous expression of bait,-,BIOGRID
3600,33630,32278,36059,58662,61887,Dmel_CG1770,Dmel_CG17870,HDAC4,14-3-3zeta,CG1770|DHDAC4|DmelCG1770|GC1770|HDAC|HDAC4a|dmHDA405,14-3-3|14-3-3 zeta|14-3-3-zeta|14-3-3leo|2G1|4-3-3 zeta|5.11|549|BEST:GH05075|CG17870|D14-3-3|D14-3-3zeta|DmelCG17870|K|LEO|PAR-5|PAR5|l(2)07103|l(2)46CFe|l(2)46Ee,Two-hybrid,physical,Giot L (2003),14605208,7227,7227,High Throughput,-,-,-,-,-,BIOGRID
121397,241357,10014,7704,115331,113498,-,-,HDAC5,ZBTB16,HD5|NY-CO-9,PLZF|ZNF145,Affinity Capture-Western,physical,Chauchereau A (2004),15467736,9606,9606,Low Throughput,-,-,-,-,-,BIOGRID
121398,241358,10013,7704,115330,113498,JM21,-,HDAC6,ZBTB16,CPBHM|HD6|PPP1R90,PLZF|ZNF145,Affinity Capture-Western,physical,Chauchereau A (2004),15467736,9606,9606,Low Throughput,-,-,-,-,-,BIOGRID
137467,260613,51564,10524,119613,115779,-,-,HDAC7,KAT5,HD7A|HDAC7A,ESA1|HTATIP|HTATIP1|PLIP|TIP|TIP60|ZC2HC5|cPLA2,Affinity Capture-Western,physical,Xiao H (2003),12551922,9606,9606,Low Throughput,-,-,-,-,-,BIOGRID
139367,262670,55869,862,120968,107310,CDA07,-,HDAC8,RUNX1T1,CDLS5|HD8|HDACL1|MRXS6|RPD3|WTS,AML1T1|CBFA2T1|CDR|ETO|MTG8|ZMYND2,Affinity Capture-Western,physical,Amann JM (2001),11533236,9606,9606,Low Throughput,-,-,-,-,-,BIOGRID
124763,245059,9734,1487,115083,107869,-,-,HDAC9,CTBP1,HD7|HD7b|HD9|HDAC|HDAC7|HDAC7B|HDAC9B|HDAC9FL|HDRP|MITR,BARS,Reconstituted Complex,physical,Zhang CL (2001),11022042,9606,9606,Low Throughput,-,-,-,"Through a CtBP-binding motif (P-X-D-L-R) conserved in MITR and HDACs 4, 5, and 7. Mutation of this sequence in MITR abolishes interaction with CtBP and impairs, but does not eliminate, the ability of MITR to inhibit MEF2-dependent transcription",-,BIOGRID
39197,120168,55662,140462,120794,126615,-,-,HIF1AN,ASB9,FIH1,-,Two-hybrid,physical,Rual JF (2005),16189514,9606,9606,High Throughput,-,-,-,-,-,BIOGRID
449747,658617,25988,4863,117469,110924,-,-,HINFP,NPAT,HiNF-P|MIZF|ZNF743,E14|E14/NPAT|p220,Two-hybrid,physical,Miele A (2005),15988025,9606,9606,Low Throughput,-,-,-,figure 2A.,-,BIOGRID
160738,286736,55806,7067,120917,112923,-,-,HR,THRA,ALUNC|AU|HSA277165|HYPT4|MUHH|MUHH1,AR7|CHNG6|EAR7|ERB-T-1|ERBA|ERBA1|NR1A1|THRA1|THRA2|c-ERBA-1,Affinity Capture-Western,physical,Potter GB (2001),11641275,9606,9606,Low Throughput,-,-,-,-,-,BIOGRID
144289,269634,79663,5764,122788,111731,-,-,HSPBAP1,PTN,PASS1,HARP|HBGF8|HBNF|NEGF1,Two-hybrid,physical,Stelzl U (2005),16169070,9606,9606,High Throughput,1,-,-,-,-,BIOGRID
131408,252748,3621,55929,109833,121004,RP11-8D7.1,RP5-891H21.2,ING1,DMAP1,p24ING1c|p33|p33ING1|p33ING1b|p47|p47ING1a,DNMAP1|DNMTAP1|EAF2|MEAF2|SWC4,Affinity Capture-Western,physical,Xin H (2004),14665632,9606,9606,Low Throughput,-,-,-,-,-,BIOGRID
198587,336512,3622,25942,109834,117439,-,-,ING2,SIN3A,ING1L|p33ING2,-,Affinity Capture-MS,physical,Doyon Y (2006),16387653,9606,9606,Low Throughput,-,-,-,-,-,BIOGRID
198606,336531,54556,8295,120041,113900,HSPC301,-,ING3,TRRAP,Eaf4|ING2|MEAF4|p47ING3,PAF350/400|PAF400|STAF40|TR-AP|Tra1,Affinity Capture-MS,physical,Doyon Y (2006),16387653,9606,9606,Low Throughput,-,-,-,-,-,BIOGRID
882,30069,51147,5970,119331,111902,My036,-,ING4,RELA,p29ING4,NFKB3|p65,Two-hybrid,physical,Garkavtsev I (2004),15029197,9606,9606,Low Throughput,-,-,-,-,-,BIOGRID
40638,121636,84289,89797,124016,124606,-,-,ING5,NAV2,p28ING5,HELAD1|POMFIL2|RAINB1|STEERIN2|UNC53H2,Two-hybrid,physical,Rual JF (2005),16189514,9606,9606,High Throughput,-,-,-,-,-,BIOGRID
37245,113451,852728,854537,33103,34740,YGL150C,YOR355W,INO80,GDS1,chromatin-remodeling ATPase INO80|L000004543,L000002580,Two-hybrid,physical,Uetz P (2000),10688190,559292,559292,High Throughput,-,-,-,-,-,BIOGRID
145053,270400,83444,975,123646,107413,-,-,INO80B,CD81,HMGA1L4|HMGIYL4|IES2|PAP-1BP|PAPA-1|ZNHIT4|hIes2,CVID6|S5.7|TAPA1|TSPAN28,Two-hybrid,physical,Stelzl U (2005),16169070,9606,9606,High Throughput,2,-,-,-,-,BIOGRID
385657,563317,125476,283899,125928,129701,-,-,INO80C,INO80E,C18orf37|IES6|hIes6,CCDC95,Affinity Capture-MS,physical,Cai Y (2007),17721549,9606,9606,Low Throughput,-,-,-,-,-,BIOGRID
385668,563329,54891,8607,120238,114166,-,-,INO80D,RUVBL1,-,ECP54|INO80H|NMP238|PONTIN|Pontin52|RVB1|TIH1|TIP49|TIP49A,Affinity Capture-MS,physical,Cai Y (2007),17721549,9606,9606,Low Throughput,-,-,-,-,-,BIOGRID
385544,563203,283899,54617,129701,120076,-,-,INO80E,INO80,CCDC95,INO80A|INOC1|hINO80,Affinity Capture-MS,physical,Cai Y (2007),17721549,9606,9606,Low Throughput,-,-,-,-,-,BIOGRID
202977,341186,3720,10919,109923,116123,-,DAAP-66K18.3,JARID2,EHMT2,JMJ,BAT8|C6orf30|G9A|GAT8|KMT1C|NG36,Affinity Capture-Western,physical,Shirato H (2009),19010785,9606,9606,Low Throughput,-,-,-,-,-,BIOGRID
603279,868531,221037,367,128677,106862,RP11-10C13.2,RP11-383C12.1,JMJD1C,AR,TRIP8,AIS|DHTR|HUMARA|HYSP1|KD|NR3C4|SBMA|SMAX1|TFM,Reconstituted Complex,physical,Wolf SS (2007),17353003,9606,9606,Low Throughput,-,-,-,figure 1.,-,BIOGRID
426322,612054,23210,23476,116817,117036,-,-,JMJD6,BRD4,PSR|PTDSR|PTDSR1,CAP|HUNK1|HUNKI|MCAP,Affinity Capture-Western,physical,Rahman S (2011),21555454,9606,9606,Low Throughput,-,-,-,Exogenous expression of bait|Interaction was also found between both endogenous proteins,-,BIOGRID
138409,261633,2648,8295,108918,113900,-,-,KAT2A,TRRAP,GCN5|GCN5L2|PCAF-b|hGCN5,PAF350/400|PAF400|STAF40|TR-AP|Tra1,Affinity Capture-Western,physical,McMahon SB (2000),10611234,9606,9606,Low Throughput,-,-,-,-,-,BIOGRID
131486,252839,8850,406,114375,106899,-,-,KAT2B,ARNTL,CAF|P/CAF|PCAF,BMAL1|BMAL1c|JAP3|MOP3|PASD3|TIC|bHLHe5,Reconstituted Complex,physical,Curtis AM (2004),14645221,9606,9606,Low Throughput,-,-,-,-,-,BIOGRID
549,22250,10524,2120,115779,108421,-,-,KAT5,ETV6,ESA1|HTATIP|HTATIP1|PLIP|TIP|TIP60|ZC2HC5|cPLA2,TEL|TEL/ABL,Two-hybrid,physical,Nordentoft I (2003),12737628,9606,9606,Low Throughput,-,-,-,-,-,BIOGRID
323247,468075,7994,7862,113703,113614,-,-,KAT6A,BRPF1,MOZ|MYST3|RUNXBP2|ZC2HC6A|ZNF220,BR140,Affinity Capture-MS,physical,Rokudai S (2009),19001415,9606,9606,Low Throughput,-,-,-,-,-,BIOGRID
137428,260574,23522,860,117069,107308,-,RP1-166H4.1,KAT6B,RUNX2,GTPTS|MORF|MOZ2|MYST4|ZC2HC6B|qkf|querkopf,AML3|CBF-alpha-1|CBFA1|CCD|CCD1|CLCD|OSF-2|OSF2|PEA2aA|PEBP2aA,Reconstituted Complex,physical,Pelletier N (2002),11965546,9606,9606,Low Throughput,-,-,-,-,-,BIOGRID
38660,119621,11143,80321,116315,123234,-,-,KAT7,CEP70,HBO1|HBOA|MYST2|ZC2HC7,BITE,Two-hybrid,physical,Rual JF (2005),16189514,9606,9606,High Throughput,-,-,-,-,-,BIOGRID
319874,464253,84148,7157,123914,113010,PP7073,-,KAT8,TP53,MOF|MYST1|ZC2HC8|hMOF,BCC7|LFS1|P53|TRP53,Biochemical Activity,physical,Sykes SM (2006),17189187,9606,9606,Low Throughput,-,Acetylation,-,-,-,BIOGRID
124028,244107,23028,10362,116667,115642,RP1-184J9.1,-,KDM1A,HMG20B,AOF2|BHC110|KDM1|LSD1,BRAF25|BRAF35|HMGX2|HMGXB2|PP7706|SMARCE1r|SOXL|pp8857,Affinity Capture-Western,physical,Hakimi MA (2002),12032298,9606,9606,Low Throughput,-,-,-,core-BRAF35 complex termed BHC for BRAF-HDAC complex;Chromatin-immunoprecipitation experiments demonstrate the recruitment of BHC by the neuronal repressor REST,-,BIOGRID
366236,534905,221656,54904,128743,120250,RP1-298J15.1,DC28,KDM1B,WHSC1L1,AOF1|C6orf193|LSD2|bA204B7.3|dJ298J15.2,NSD3|pp14328,Affinity Capture-MS,physical,Fang R (2010),20670891,9606,9606,Low Throughput,-,-,-,-,-,BIOGRID
289373,431032,22992,5970,116639,111902,-,-,KDM2A,RELA,CXXC8|FBL11|FBL7|FBXL11|JHDM1A|LILINA,NFKB3|p65,Biochemical Activity,physical,Lu T (2010),20080798,9606,9606,Low Throughput,-,Demethylation,-,-,-,BIOGRID
292821,435566,84678,6500,124197,112391,-,-,KDM2B,SKP1,CXXC2|FBXL10|Fbl10|JHDM1B|PCCX2,EMC19|OCP-II|OCP2|SKP1A|TCEB1L|p19A,Reconstituted Complex,physical,Gearhart MD (2006),16943429,9606,9606,Low Throughput,-,-,-,-,-,BIOGRID
327697,478618,55818,2116,120927,108417,-,-,KDM3A,ETV2,JHDM2A|JHMD2A|JMJD1|JMJD1A|TSGA,ER71|ETSRP71,Reconstituted Complex,physical,Knebel J (2006),16619273,9606,9606,Low Throughput,-,-,-,-,-,BIOGRID
455295,666654,51780,8290,119727,113895,-,-,KDM3B,HIST3H3,5qNCA|C5orf7|JMJD1B|NET22,H3.4|H3/g|H3FT|H3t,Biochemical Activity,physical,Kim JY (2012),22615488,9606,9606,Low Throughput,-,Demethylation,-,figure 2D.|figure 2G.,-,BIOGRID
319810,464170,9682,9682,115035,115035,-,-,KDM4A,KDM4A,JHDM3A|JMJD2|JMJD2A|TDRD14A,JHDM3A|JMJD2|JMJD2A|TDRD14A,Affinity Capture-Western,physical,Shin S (2007),17207460,9606,9606,Low Throughput,-,-,-,-,-,BIOGRID
429585,617556,23030,8085,116669,113758,-,-,KDM4B,KMT2D,JMJD2B|TDRD14B,AAD10|ALR|CAGL114|KABUK1|KMS|MLL2|MLL4|TNRC21,Affinity Capture-MS,physical,Shi L (2011),21502505,9606,9606,Low Throughput,-,-,-,-,-,BIOGRID
319811,464171,23081,9682,116712,115035,RP11-169L18.1,-,KDM4C,KDM4A,GASC1|JHDM3C|JMJD2C|TDRD14C|bA146B14.1,JHDM3A|JMJD2|JMJD2A|TDRD14A,Affinity Capture-Western,physical,Shin S (2007),17207460,9606,9606,Low Throughput,-,-,-,-,-,BIOGRID
319814,464174,55693,55693,120819,120819,-,-,KDM4D,KDM4D,JMJD2D,JMJD2D,Affinity Capture-Western,physical,Shin S (2007),17207460,9606,9606,Low Throughput,-,-,-,-,-,BIOGRID
140320,263772,5927,4005,111862,110191,-,-,KDM5A,LMO2,RBBP-2|RBBP2|RBP2,RBTN2|RBTNL1|RHOM2|TTG2,Reconstituted Complex,physical,Mao S (1997),9129143,9606,9606,Low Throughput,-,-,-,-,-,BIOGRID
219,11361,10765,2290,115984,108580,-,-,KDM5B,FOXG1,CT31|JARID1B|PLU-1|PLU1|PPP1R98|PUT1|RBBP2H1A,BF1|BF2|FHKL3|FKH2|FKHL1|FKHL2|FKHL3|FKHL4|FOXG1A|FOXG1B|FOXG1C|HBF-1|HBF-2|HBF-3|HBF-G2|HBF2|HFK1|HFK2|HFK3|KHL2|QIN,Two-hybrid,physical,Tan K (2003),12657635,9606,9606,Low Throughput,-,-,-,-,-,BIOGRID
200020,337980,8242,333932,113870,130616,RP11-258C19.2,-,KDM5C,HIST2H3A,DXS1272E|JARID1C|MRX13|MRXJ|MRXSCJ|MRXSJ|SMCX|XE169,H3/n|H3/o,Reconstituted Complex,physical,Christensen J (2007),17320161,9606,9606,Low Throughput,-,-,-,-,-,BIOGRID
449477,658294,8284,8290,113891,113895,-,-,KDM5D,HIST3H3,HY|HYA|JARID1D|SMCY,H3.4|H3/g|H3FT|H3t,Biochemical Activity,physical,Lee MG (2007),17320162,9606,9606,Low Throughput,-,Demethylation,-,figure 1C.|figure 2. Jarid1d specifically demethylates trimethylated H3K4. BRIGHT and Zinc Finger like C5HC2 domains contribute to the catalytic activity.|figure 4. demethylation activity of Jarid1d is enhanced by the addition of MBLR protein.,-,BIOGRID
149899,275297,7403,7088,113246,112943,RP13-886N14.3,RP11-203D19.1,KDM6A,TLE1,KABUK2|UTX|bA386N14.2,ESG|ESG1|GRG1,Two-hybrid,physical,Grbavec D (1999),9854018,9606,9606,Low Throughput,-,-,-,-,-,BIOGRID
366340,535011,23135,4089,116752,110264,-,-,KDM6B,SMAD4,JMJD3,DPC4|JIP|MADH4|MYHRS,Affinity Capture-Western,physical,Akizu N (2010),20667911,9606,9606,Low Throughput,-,-,-,-,-,BIOGRID
191,10022,4297,10450,110443,115714,hCG_1732268,RP1-118J21.1,KMT2A,PPIE,ALL-1|CXXC7|HRX|HTRX1|MLL|MLL/GAS7|MLL1|MLL1A|TET1-MLL|TRX1|WDSTS,CYP-33|CYP33,Two-hybrid,physical,Fair K (2001),11313484,9606,9606,Low Throughput,-,-,-,-,-,BIOGRID
325594,470490,9757,23054,115104,116691,-,RP5-1181N3.2,KMT2B,NCOA6,HRX2|MLL1B|MLL2|MLL4|TRX2|WBP-7|WBP7,AIB3|ASC2|NRC|PRIP|RAP250|TRBP,Affinity Capture-Western,physical,Lee S (2006),17021013,9606,9606,Low Throughput,-,-,-,-,-,BIOGRID
124944,245339,58508,23054,121835,116691,-,RP5-1181N3.2,KMT2C,NCOA6,HALR|MLL3,AIB3|ASC2|NRC|PRIP|RAP250|TRBP,Affinity Capture-Western,physical,Goo YH (2003),12482968,9606,9606,Low Throughput,-,-,-,-,-,BIOGRID
194223,331995,8085,30827,113758,119045,-,-,KMT2D,CXXC1,AAD10|ALR|CAGL114|KABUK1|KMS|MLL2|MLL4|TNRC21,2410002I16Rik|5830420C16Rik|CFP1|CGBP|HsT2645|PCCX1|PHF18|SPP1|ZCGPC1|hCGBP,Affinity Capture-Western,physical,Ansari KI (2008),18082152,9606,9606,Low Throughput,-,-,-,-,-,BIOGRID
361981,530343,55904,7157,120990,113010,-,-,KMT2E,TP53,HDCMC04P|MLL5|NKp44L,BCC7|LFS1|P53|TRP53,Affinity Capture-Western,physical,Cheng F (2011),21423215,9606,9606,Low Throughput,-,-,-,-,-,BIOGRID
136190,259148,4152,6839,110322,112706,-,-,MBD1,SUV39H1,CXXC3|PCM1|RFT,H3-K9-HMTase 1|KMT1A|MG44|SUV39H,Affinity Capture-Western,physical,Fujita N (2003),12711603,9606,9606,Low Throughput,-,-,-,-,-,BIOGRID
698,26612,8932,11321,114445,116452,-,HUSSY-23,MBD2,GPN1,DMTase|NY-CO-41,ATPBD1A|MBDIN|NTPBP|RPAP4|XAB1,Two-hybrid,physical,Lembo F (2003),12588985,9606,9606,Low Throughput,-,-,-,-,-,BIOGRID
121434,241397,53615,85509,119788,124569,-,-,MBD3,MBD3L1,-,MBD3L,Two-hybrid,physical,Jiang CL (2004),15456747,9606,9606,Low Throughput,-,-,-,-,-,BIOGRID
136235,259193,8930,8772,114444,114302,-,GIG3,MBD4,FADD,MED1,MORT1,Affinity Capture-Western,physical,Screaton RA (2003),12702765,9606,9606,Low Throughput,-,-,-,-,-,BIOGRID
38682,119643,10445,79036,115710,122501,-,-,MCRS1,KXD1,ICP22BP|INO80Q|MCRS2|MSP58|P78,C19orf50|KXDL|MST096|MSTP096,Two-hybrid,physical,Rual JF (2005),16189514,9606,9606,High Throughput,-,-,-,-,-,BIOGRID
167255,301305,4204,3146,110368,109389,-,RP11-550P23.1,MECP2,HMGB1,AUTSX3|MRX16|MRX79|MRXS13|MRXSL|PPMX|RS|RTS|RTT,HMG1|HMG3|SBP-1,Reconstituted Complex,physical,Dintilhac A (2002),11748221,9606,9606,Low Throughput,-,-,-,-,-,BIOGRID
328502,479642,10724,8473,115948,114049,-,-,MGEA5,OGT,MEA5|NCOAT|OGA,HRNT1|O-GLCNAC,Affinity Capture-Western,physical,Whisenhunt TR (2006),16505006,9606,9606,Low Throughput,-,-,-,-,-,BIOGRID
40836,121836,84864,84864,124309,124309,-,-,MINA,MINA,MDIG|MINA53|NO52|ROX,MDIG|MINA53|NO52|ROX,Two-hybrid,physical,Rual JF (2005),16189514,9606,9606,High Throughput,-,-,-,-,-,BIOGRID
132925,255656,9112,1108,114562,107533,-,-,MTA1,CHD4,-,CHD-4|Mi-2b|Mi2-BETA,Affinity Capture-MS,physical,Yao YL (2003),12920132,9606,9606,Low Throughput,-,-,-,-,-,BIOGRID
132920,255650,9219,1108,114652,107533,-,-,MTA2,CHD4,MTA1L1|PID,CHD-4|Mi-2b|Mi2-BETA,Affinity Capture-MS,physical,Yao YL (2003),12920132,9606,9606,Low Throughput,-,-,-,-,-,BIOGRID
331089,482553,57504,1107,121568,107532,hCG_1783907,-,MTA3,CHD3,-,Mi-2a|Mi2-ALPHA|ZFH,Affinity Capture-Western,physical,Fujita N (2003),12705869,9606,9606,Low Throughput,-,-,-,-,-,BIOGRID
509703,746213,55226,27340,120521,118152,-,-,NAT10,UTP20,ALP|NET43,DRIM,Co-fractionation,physical,Havugimana PC (2012),22939629,9606,9606,High Throughput,0.882,-,-,Denoised score >= 0.75,-,BIOGRID
123760,243760,8648,2353,114200,108636,-,-,NCOA1,FOS,F-SRC-1|KAT13A|RIP160|SRC1|bHLHe42|bHLHe74,AP-1|C-FOS|p55,Reconstituted Complex,physical,Lee SK (2000),10847592,9606,9606,Low Throughput,-,-,-,"ASC-2 potentiated transactivations by SRF, AP-1, and NFkappaB in a dose-dependent manner, either alone or in conjunction with SRC-1 and p300. In addition, ASC-2 efficiently relieved the previously described transrepression between nuclear receptors and ei",-,BIOGRID
125111,245550,8202,2033,113841,108347,RP5-1049G16.3,RP1-85F18.1,NCOA3,EP300,ACTR|AIB-1|AIB1|CAGH16|CTG26|KAT13B|RAC3|SRC-3|SRC3|TNRC14|TNRC16|TRAM-1|bHLHe42|pCIP,KAT3B|RSTS2|p300,Affinity Capture-Western,physical,Pao GM (2000),10655477,9606,9606,Low Throughput,-,-,-,-,-,BIOGRID
385696,563357,4798,8607,110864,114166,-,-,NFRKB,RUVBL1,INO80G,ECP54|INO80H|NMP238|PONTIN|Pontin52|RVB1|TIH1|TIP49|TIP49A,Affinity Capture-MS,physical,Cai Y (2007),17721549,9606,9606,Low Throughput,-,-,-,-,-,BIOGRID
130330,251536,64324,84838,122135,124291,-,-,NSD1,ZNF496,ARA267|KMT3B|SOTOS|SOTOS1|STO,NIZP1|ZFP496|ZKSCAN17|ZSCAN49,Affinity Capture-Western,physical,Nielsen AL (2004),15169884,9606,9606,Low Throughput,-,-,-,-,-,BIOGRID
288188,429332,23133,11091,116751,116272,RP13-444K19.2,-,PHF8,WDR5,JHDM1F|MRXSSD|ZNF422,BIG-3|CFAP89|SWD3,Affinity Capture-Western,physical,Feng W (2010),20208542,9606,9606,Low Throughput,-,-,-,-,-,BIOGRID
140258,263692,7799,2099,113575,108403,RP5-1177E19.1,RP1-130E4.1,PRDM2,ESR1,HUMHOXY1|KMT8|MTB-ZF|RIZ|RIZ1|RIZ2,ER|ESR|ESRA|ESTRR|Era|NR3A1,Two-hybrid,physical,Abbondanza C (2000),10706618,9606,9606,Low Throughput,-,-,-,-,-,BIOGRID
130691,251953,3276,1660,109512,108025,-,-,PRMT1,DHX9,ANM1|HCP1|HRMT1L2|IR1B4,DDX9|LKP|NDH2|NDHII|RHA,Affinity Capture-Western,physical,Smith WA (2004),15084609,9606,9606,Low Throughput,-,-,-,-,-,BIOGRID
40488,121481,3275,63948,109511,122012,-,-,PRMT2,DMRTB1,HRMT1L1,-,Two-hybrid,physical,Rual JF (2005),16189514,9606,9606,High Throughput,-,-,-,-,-,BIOGRID
191939,328060,10196,6187,115491,112101,-,-,PRMT3,RPS2,HRMT1L3,LLREP3|S2,Affinity Capture-MS,physical,Choi S (2008),18573314,9606,9606,Low Throughput,-,-,-,-,-,BIOGRID
598,23906,10419,1207,115688,107617,-,-,PRMT5,CLNS1A,HRMT1L5|IBP72|JBP1|SKB1|SKB1Hs,CLCI|CLNS1B|ICln,Two-hybrid,physical,Krapivinsky G (1998),9556550,9606,9606,Low Throughput,-,-,-,-,-,BIOGRID
330121,481509,55170,3159,120469,109402,-,RP11-513I15.2,PRMT6,HMGA1,HRMT1L6,HMG-R|HMGA1A|HMGIY,Biochemical Activity,physical,Sgarra R (2006),16293633,9606,9606,Low Throughput,-,Methylation,-,-,-,BIOGRID
202976,341185,54496,639,119992,107108,-,RP1-134E15.1,PRMT7,PRDM1,-,BLIMP1|PRDI-BF1,Affinity Capture-Western,physical,Eckert D (2008),18992153,9606,9606,Low Throughput,-,-,-,-,-,BIOGRID
39179,120150,56341,56341,121140,121140,-,-,PRMT8,PRMT8,HRMT1L3|HRMT1L4,HRMT1L3|HRMT1L4,Two-hybrid,physical,Rual JF (2005),16189514,9606,9606,High Throughput,-,-,-,-,-,BIOGRID
132760,255473,5928,3065,111863,109315,-,RP4-811H24.2,RBBP4,HDAC1,NURF55|RBAP48|lin-53,GON-10|HD1|RPD3|RPD3L1,Affinity Capture-Western,physical,Zhang Y (2003),12943729,9606,9606,Low Throughput,-,-,-,-,-,BIOGRID
124558,244801,5931,672,111866,107140,RP11-716A19.5,-,RBBP7,BRCA1,RbAp46,BRCAI|BRCC1|BROVCA1|FANCS|IRIS|PNCA4|PPP1R53|PSCP|RNF53,Affinity Capture-Western,physical,Chen GC (2001),11394910,9606,9606,Low Throughput,-,-,-,RbAp46 interacts specifically with the C-terminal region of BRCA1 (the BRCT domain);requires the first two of the four Trp-Asp (WD)-repeats of RbAp46;represses the transactivation activity mediated by the BRCT/Gal4 fusion protein and inhibits the transact,-,BIOGRID
590,23714,6015,8535,111947,114105,DADB-100D22.6,-,RING1,CBX4,RING1A|RNF1,NBP16|PC2,Two-hybrid,physical,Satijn DP (1999),9858531,9606,9606,Low Throughput,-,-,-,-,-,BIOGRID
121542,241505,8607,10856,114166,116067,-,CGI-46,RUVBL1,RUVBL2,ECP54|INO80H|NMP238|PONTIN|Pontin52|RVB1|TIH1|TIP49|TIP49A,ECP51|INO80J|REPTIN|RVB2|TIH2|TIP48|TIP49B,Affinity Capture-MS,physical,Ewing RM (2007),17353931,9606,9606,High Throughput,0.597,-,-,Exogenous expression of bait,-,BIOGRID
40255,121247,10856,25911,116067,117415,CGI-46,-,RUVBL2,DPCD,ECP51|INO80J|REPTIN|RVB2|TIH2|TIP48|TIP49B,-,Two-hybrid,physical,Rual JF (2005),16189514,9606,9606,High Throughput,-,-,-,-,-,BIOGRID
194221,331993,9739,30827,115088,119045,-,-,SETD1A,CXXC1,KMT2F|Set1|Set1A,2410002I16Rik|5830420C16Rik|CFP1|CGBP|HsT2645|PCCX1|PHF18|SPP1|ZCGPC1|hCGBP,Affinity Capture-Western,physical,Ansari KI (2008),18082152,9606,9606,Low Throughput,-,-,-,-,-,BIOGRID
286031,426464,23067,30827,116702,119045,-,-,SETD1B,CXXC1,KMT2G|Set1B,2410002I16Rik|5830420C16Rik|CFP1|CGBP|HsT2645|PCCX1|PHF18|SPP1|ZCGPC1|hCGBP,Affinity Capture-MS,physical,Lee JH (2007),17355966,9606,9606,Low Throughput,-,-,-,-,-,BIOGRID
137426,260572,29072,3064,118845,109314,HSPC069,-,SETD2,HTT,HBP231|HIF-1|HIP-1|HYPB|KMT3A|SET2|p231HBP,HD|IT15,Reconstituted Complex,physical,Faber PW (1998),9700202,9606,9606,Low Throughput,-,-,-,-,-,BIOGRID
462328,675124,84193,4654,123940,110737,-,-,SETD3,MYOD1,C14orf154,MYF3|MYOD|PUM|bHLHc1,Affinity Capture-Western,physical,Eom GH (2011),21832073,9606,9606,Low Throughput,-,-,-,-,-,BIOGRID
942660,1444605,54093,2632,119892,108902,-,-,SETD4,GBE1,C21orf18|C21orf27,APBD|GBE|GSD4,Affinity Capture-MS,physical,Hein MY (2015),26496610,9606,9606,High Throughput,-,-,-,interaction detected by quantitative BAC-GFP interactomics (QUBIC),-,BIOGRID
39144,120115,55209,151871,120505,127407,-,-,SETD5,DPPA2,-,CT100|ECAT15-2|PESCRG1,Two-hybrid,physical,Rual JF (2005),16189514,9606,9606,High Throughput,-,-,-,-,-,BIOGRID
428825,616668,79918,5970,122996,111902,-,-,SETD6,RELA,-,NFKB3|p65,Co-crystal Structure,physical,Chang Y (2011),21515635,9606,9606,Low Throughput,-,-,-,-,-,BIOGRID
200589,338607,80854,26013,123332,117486,-,RP1-138B7.1,SETD7,L3MBTL1,KMT7|SET7|SET7/9|SET9,H-L(3)MBT|L3MBTL|ZC2HC3|dJ138B7.3,Affinity Capture-Western,physical,Kalakonda N (2008),18408754,9606,9606,Low Throughput,-,-,-,-,-,BIOGRID
332033,483559,387893,5928,132490,111863,-,-,SETD8,RBBP4,KMT5A|PR-Set7|SET07|SET8,NURF55|RBAP48|lin-53,Co-purification,physical,Cao R (2002),12351676,9606,9606,Low Throughput,-,-,-,-,-,BIOGRID
726197,1181790,133383,8615,126356,114173,-,-,SETD9,USO1,C5orf35,P115|TAP|VDP,Affinity Capture-MS,physical,Huttlin EL (2015),26186194,9606,9606,High Throughput,0.999919988,-,-,"Interaction also contained in second paper after re-analysis of the data, Architecture of the human interactome defines protein communities and disease networks, PUBMED:28514442|Quantitative scores are a modified CompPASS score derived from Sowa et al., Cell, 2009 (PMID 19615732). The cut-off threshold is > 0.75.",-,BIOGRID
132056,253466,9869,23512,115202,117059,RP11-316M1.1,-,SETDB1,SUZ12,ESET|H3-K9-HMTase4|KG1T|KMT1E|TDRD21,CHET9|JJAZ1,Co-purification,physical,Wang H (2003),14536086,9606,9606,Low Throughput,-,-,-,-,-,BIOGRID
688452,1049352,83852,120534,123768,125690,-,-,SETDB2,ARL14EP,C13orf4|CLLD8|CLLL8|KMT1F,ARF7EP|C11orf46|dJ299F11.1,Two-hybrid,physical,Rolland T (2014),25416956,9606,9606,High Throughput,-,-,-,-,-,BIOGRID
145430,270777,6419,6419,112317,112317,-,-,SETMAR,SETMAR,HsMar1|METNASE|Mar1,HsMar1|METNASE|Mar1,Two-hybrid,physical,Stelzl U (2005),16169070,9606,9606,High Throughput,2,-,-,-,-,BIOGRID
139380,262683,23411,3280,116983,109514,RP11-57G10.3,-,SIRT1,HES1,SIR2L1,HES-1|HHL|HRY|bHLHb39,Affinity Capture-Western,physical,Takata T (2003),12535671,9606,9606,Low Throughput,-,-,-,-,-,BIOGRID
121802,241765,22933,11331,116593,116459,-,-,SIRT2,PHB2,SIR2|SIR2L|SIR2L2,BAP|BCAP37|Bap37|PNAS-141|REA|p22,Affinity Capture-MS,physical,Ewing RM (2007),17353931,9606,9606,High Throughput,0.45,-,-,Exogenous expression of bait,-,BIOGRID
326150,471099,23410,2309,116982,108598,-,-,SIRT3,FOXO3,SIR2L3,AF6q21|FKHRL1|FKHRL1P2|FOXO2|FOXO3A,Affinity Capture-Western,physical,Jacobs KM (2008),18781224,9606,9606,Low Throughput,-,-,-,-,-,BIOGRID
385865,563531,23409,23410,116981,116982,-,-,SIRT4,SIRT3,SIR2L4,SIR2L3,Affinity Capture-Western,physical,Ahuja N (2007),17715127,9606,9606,Low Throughput,-,-,-,-,-,BIOGRID
313799,458045,23408,5970,116980,111902,-,-,SIRT5,RELA,SIR2L5,NFKB3|p65,Affinity Capture-Western,physical,Kawahara TL (2009),19135889,9606,9606,Low Throughput,-,-,-,-,-,BIOGRID
146019,271366,51548,7431,119603,113272,-,RP11-124N14.1,SIRT6,VIM,SIR2L6,CTRCT30|HEL113,Two-hybrid,physical,Stelzl U (2005),16169070,9606,9606,High Throughput,3,-,-,-,-,BIOGRID
308276,452515,51547,7343,119602,113190,-,-,SIRT7,UBTF,SIR2L7,NOR-90|UBF|UBF-1|UBF1|UBF2,Reconstituted Complex,physical,Grob A (2009),19174463,9606,9606,Low Throughput,-,-,-,-,-,BIOGRID
325615,470513,6594,142,112478,106652,RP3-353H6.2,RP11-125A15.2,SMARCA1,PARP1,ISWI|NURF140|SNF2L|SNF2L1|SNF2LB|SNF2LT|SWI|SWI2,ADPRT|ADPRT 1|ADPRT1|ARTD1|PARP|PARP-1|PPOL|pADPRT-1,Affinity Capture-Western,physical,Sala A (2008),18922045,9606,9606,Low Throughput,-,-,-,-,-,BIOGRID
82,5799,6597,2099,112481,108403,-,RP1-130E4.1,SMARCA4,ESR1,BAF190|BAF190A|BRG1|MRD16|RTPS2|SNF2|SNF2L4|SNF2LB|SWI2|hSNF2b,ER|ESR|ESRA|ESTRR|Era|NR3A1,Two-hybrid,physical,Ichinose H (1997),9099865,9606,9606,Low Throughput,-,-,-,-,-,BIOGRID
138326,261545,8467,11177,114045,116347,-,HSPC317,SMARCA5,BAZ1A,ISWI|SNF2H|WCRF135|hISWI|hSNF2H,ACF1|WALp1|WCRF180|hACF1,Co-purification,physical,Bochar DA (2000),10655480,9606,9606,Low Throughput,-,-,-,-,-,BIOGRID
323197,468018,6599,55193,112483,120490,-,-,SMARCC1,PBRM1,BAF155|CRACC1|Rsc8|SRG3|SWI3,BAF180|PB1,Affinity Capture-Western,physical,Ryme J (2009),19650111,9606,9606,Low Throughput,-,-,-,-,-,BIOGRID
139321,262621,6601,60,112485,106575,-,-,SMARCC2,ACTB,BAF170|CRACC2|Rsc8,BRWS1|PS1TP5BP1,Affinity Capture-Western,physical,Zhao K (1998),9845365,9606,9606,Low Throughput,-,-,-,-,-,BIOGRID
38715,119676,6602,11007,112486,116198,-,-,SMARCD1,CCDC85B,BAF60A|CRACD1|Rsc6p,DIPA,Two-hybrid,physical,Rual JF (2005),16189514,9606,9606,High Throughput,-,-,-,-,-,BIOGRID
505261,741771,6603,6598,112487,112482,PRO2451,-,SMARCD2,SMARCB1,BAF60B|CRACD2|Rsc6p,BAF47|INI1|MRD15|PPP1R144|RDT|RTPS1|SNF5|SNF5L1|SWNTS1|Sfh1p|Snr1|hSNFS,Co-fractionation,physical,Havugimana PC (2012),22939629,9606,9606,High Throughput,0.774,-,-,Denoised score >= 0.75,-,BIOGRID
365221,533738,6604,5914,112488,111849,-,-,SMARCD3,RARA,BAF60C|CRACD3|Rsc6p,NR1B1|RAR,Reconstituted Complex,physical,Flajollet S (2007),17363140,9606,9606,Low Throughput,-,-,-,-,-,BIOGRID
121535,241498,56950,2932,121274,109187,RP11-176D17.2,-,SMYD2,GSK3B,HSKM-B|KMT3C|ZMYND14,-,Affinity Capture-MS,physical,Ewing RM (2007),17353931,9606,9606,High Throughput,0.604,-,-,Exogenous expression of bait,-,BIOGRID
123336,243300,64754,4232,122268,110390,RP11-49H10.1,-,SMYD3,MEST,KMT3E|ZMYND1|ZNFN3A1|bA74P14.1,PEG1,Affinity Capture-MS,physical,Ewing RM (2007),17353931,9606,9606,High Throughput,0.3,-,-,Exogenous expression of bait,-,BIOGRID
41089,122094,6839,23468,112706,117030,-,-,SUV39H1,CBX5,H3-K9-HMTase 1|KMT1A|MG44|SUV39H,HEL25|HP1|HP1A,Two-hybrid,physical,Rual JF (2005),16189514,9606,9606,High Throughput,-,-,-,-,-,BIOGRID
144656,270003,79723,288353,122838,252534,RP11-2K17.2,-,SUV39H2,Cggbp1,KMT1B,-,Two-hybrid,physical,Stelzl U (2005),16169070,9606,10116,High Throughput,1,-,-,-,-,BIOGRID
346223,513551,51111,8359,119300,113955,CGI-85,-,SUV420H1,HIST1H4A,CGI85|KMT5B,H4FA,Biochemical Activity,physical,Schotta G (2004),15145825,9606,9606,Low Throughput,-,Methylation,-,-,-,BIOGRID
326949,472017,84787,2969,124257,109224,PP7130,-,SUV420H2,GTF2I,KMT5C,BAP135|BTKAP1|DIWS|GTFII-I|IB291|SPIN|TFII-I|WBS|WBSCR6,Affinity Capture-MS,physical,Souza PP (2009),19486527,9606,9606,Low Throughput,-,-,-,-,-,BIOGRID
397,18180,6872,7343,112735,113190,-,-,TAF1,UBTF,BA2R|CCG1|CCGS|DYT3|DYT3/TAF1|KAT4|N-TAF1|NSCL2|OF|P250|TAF(II)250|TAF2A|TAFII-250|TAFII250|XDP,NOR-90|UBF|UBF-1|UBF1|UBF2,Two-hybrid,physical,Lin CY (2002),12498690,9606,9606,Low Throughput,-,-,-,-,-,BIOGRID
762002,1257072,80312,9730,123225,115079,RP11-119F7.1,-,TET1,VPRBP,CXXC6|LCX|bA119F7.1,DCAF1,Affinity Capture-Western,physical,Nakagawa T (2015),25557551,9606,9606,Low Throughput,-,-,-,-,-,BIOGRID
746981,1242015,816477,829891,1832,15172,AT2G19580,AT4G37370,TET2,CYP81D8,F3P11.18|F3P11_18|tetraspanin2,F6G17.20|F6G17_20|cytochrome P450|family 81|polypeptide 8|subfamily D,PCA,physical,Jones AM (2014),24833385,3702,3702,High Throughput,-,-,-,"A split-ubiquitin screen identified over 12,000 interactions between membrane proteins and signaling proteins in Arabidopsis thaliana. The results are also provided in the Membrane-based Interactome Database (MIND1).",-,BIOGRID
385629,563288,29844,283899,118931,129701,-,-,TFPT,INO80E,FB1|INO80F|amida,CCDC95,Affinity Capture-MS,physical,Cai Y (2007),17721549,9606,9606,Low Throughput,-,-,-,-,-,BIOGRID
181619,316183,51377,5714,119509,111686,RP11-101E13.2,-,UCHL5,PSMD8,CGI-70|INO80R|UCH-L5|UCH37,HEL-S-91n|HIP6|HYPF|Nin1p|Rpn12|S14|p31,Two-hybrid,physical,Li T (2001),11163772,9606,9606,Low Throughput,-,-,-,-,-,BIOGRID
149898,275296,7404,7088,113247,112943,-,RP11-203D19.1,UTY,TLE1,KDM6AL|UTY1,ESG|ESG1|GRG1,Two-hybrid,physical,Grbavec D (1999),9854018,9606,9606,Low Throughput,-,-,-,-,-,BIOGRID
196693,334519,7468,367,113306,106862,RP11-262P20.3,RP11-383C12.1,WHSC1,AR,MMSET|NSD2|REIIBP|TRX5|WHS,AIS|DHTR|HUMARA|HYSP1|KD|NR3C4|SBMA|SMAX1|TFM,Affinity Capture-Western,physical,Kang HB (2009),19481544,9606,9606,Low Throughput,-,-,-,-,-,BIOGRID
366245,534914,54904,221656,120250,128743,DC28,RP1-298J15.1,WHSC1L1,KDM1B,NSD3|pp14328,AOF1|C6orf193|LSD2|bA204B7.3|dJ298J15.2,Affinity Capture-Western,physical,Fang R (2010),20670891,9606,9606,Low Throughput,-,-,-,-,-,BIOGRID
298,15105,7528,2280,113360,108570,-,RP11-314N13.2,YY1,FKBP1A,DELTA|INO80S|NF-E1|UCRBP|YIN-YANG-1,FKBP-12|FKBP-1A|FKBP1|FKBP12|PKC12|PKCI2|PPIASE,Two-hybrid,physical,Yang WM (1995),7541038,9606,9606,Low Throughput,-,-,-,-,-,BIOGRID
